public_RMSE, private_RMSE
19.19243816, 20.38734020
19.19243816, 20.38734020
19.19243816, 20.38734020
19.19243816, 20.38734020
19.19243816, 20.38734020
19.19243816, 20.38734020
19.19243816, 20.38734020
19.19243816, 20.38734020